metric,mean_abs_correction,max_abs_correction,mean_relative_correction,max_relative_correction
surface_mean_vol,0.9784397715992398,1.076793948809306,0.503182470329492,0.5392995563632212
quote_price,0.5369582958039606,1.0284357795318453,0.06901829472549313,0.13589795070658212
quote_vol,0.1299480673810461,0.24836700345334117,0.06863468807464247,0.13483509607253996
shock_score,0.04049709185844016,0.06175866921417239,0.0667113206326976,0.10070374194627248
