layer,metric,mean_abs_correction,max_abs_correction,mean_relative_correction,max_relative_correction
learned_controlled,surface_mean_vol,0.976977527141571,1.0916498104731243,0.5023091891774679,0.5467399395614644
learned_controlled,quote_price,0.5544131123640176,1.0521775198828855,0.07122526186771672,0.13903519459105965
learned_controlled,quote_vol,0.13417673110961914,0.2541455030441284,0.07083265025368883,0.13797216555699465
learned_controlled,shock_score,0.040228657141602585,0.06110341856478885,0.06625311363377558,0.09905334679317972
rule_controlled,surface_mean_vol,0.9784397715992398,1.076793948809306,0.503182470329492,0.5392995563632212
rule_controlled,quote_price,0.5369582958039606,1.0284357795318453,0.06901829472549313,0.13589795070658212
rule_controlled,quote_vol,0.1299480673810461,0.24836700345334117,0.06863468807464247,0.13483509607253996
rule_controlled,shock_score,0.04049709185844016,0.06175866921417239,0.0667113206326976,0.10070374194627248
