layer,metric,mean_abs_correction,max_abs_correction,mean_relative_correction,max_relative_correction
learned_controlled,surface_mean_vol,1.0741189019797812,1.1633627085677773,0.5526245404298968,0.5826564992437815
learned_controlled,quote_price,0.4806803473490054,0.8923031083059598,0.061676058488613274,0.11790932038857414
learned_controlled,quote_vol,0.11617821250352467,0.21527459804162152,0.06125613891795278,0.11686967554195443
learned_controlled,shock_score,0.028373948946869915,0.04310019741528315,0.04604721773214255,0.06919453527981285
rule_controlled,surface_mean_vol,1.0747632259867839,1.1624867160002947,0.552949344639724,0.5822177686922742
rule_controlled,quote_price,0.3455367424250018,0.5216383447054351,0.04376674036343973,0.06411680480812691
rule_controlled,quote_vol,0.0832139455372632,0.125724215211934,0.04331967376955107,0.0633658120474848
rule_controlled,shock_score,0.02699806123896009,0.04049709185844008,0.04389182064212757,0.06501542033157866
