{"step": 18, "pde_loss": 215271408.0, "option_price": 1570.7108154296875, "delta": 15.475080490112305, "gamma": 0.02406856045126915, "vega": 8.089816093444824, "throughput": 3761, "regime": "STABLE", "logs": [{"timestamp": "19:55:11", "message": "\u26a1 Reflexive: Reflexive prune at step 10."}], "s1_active": false, "s2_active": true, "dual_mode": true}