{"step": 4, "pde_loss": 228541200.0, "option_price": 1594.246337890625, "delta": 15.913894653320312, "gamma": 0.06729824841022491, "vega": 9.422929763793945, "throughput": 3543, "regime": "STABLE", "logs": [], "s1_active": true, "s2_active": true, "dual_mode": true}